image,food,confidence,mask_fraction_of_image

plate_20261003_225611_517604.jpg,chips,0.793,0.032
plate_20261003_225611_517604.jpg,plate,0.627,0.213
plate_20261003_225611_517604.jpg,plate,0.102,0.0919
plate_20261003_225611_517604.jpg,plate,0.082,0.0571
plate_20261003_225611_517604.jpg,chips,0.065,0.0208
plate_20261003_225611_517604.jpg,plate,0.065,0.067
plate_20261003_225611_517604.jpg,plate,0.052,0.1381
plate_20261003_225611_517604.jpg,chips,0.043,0.0642
plate_20261003_225611_517604.jpg,plate,0.039,0.0668
plate_20261003_225611_517604.jpg,plate,0.031,0.0462
plate_20261003_225611_517604.jpg,plate,0.028,0.0346
plate_20261003_225611_517604.jpg,plate,0.025,0.0247
plate_20261003_225611_517604.jpg,chips,0.024,0.0142
plate_20261003_225611_517604.jpg,chips,0.024,0.0097
plate_20261003_225611_517604.jpg,plate,0.023,0.0553
plate_20261003_225611_517604.jpg,chips,0.022,0.041
plate_20261003_225611_517604.jpg,chips,0.022,0.0054
plate_20261003_225611_517604.jpg,plate,0.021,0.0954
plate_20261003_225611_517604.jpg,chips,0.021,0.0072
plate_20261003_225622_177438.jpg,chips,0.636,0.0389
plate_20261003_225622_177438.jpg,plate,0.526,0.2253
plate_20261003_225622_177438.jpg,plate,0.116,0.2351
plate_20261003_225622_177438.jpg,plate,0.109,0.0733
plate_20261003_225622_177438.jpg,chips,0.067,0.0199
plate_20261003_225622_177438.jpg,plate,0.062,0.0464
plate_20261003_225622_177438.jpg,chips,0.051,0.055
plate_20261003_225622_177438.jpg,plate,0.04,0.1447
plate_20261003_225622_177438.jpg,plate,0.037,0.2438
plate_20261003_225622_177438.jpg,chips,0.035,0.0179
plate_20261003_225622_177438.jpg,chips,0.027,0.0167
plate_20261003_225622_177438.jpg,plate,0.026,0.0469
plate_20261003_225622_177438.jpg,plate,0.026,0.0558
plate_20261003_225622_177438.jpg,chips,0.021,0.0066
plate_20261003_225622_177438.jpg,chips,0.021,0.0148
plate_20261003_225653_623610.jpg,plate,0.651,0.2203
plate_20261003_225653_623610.jpg,chips,0.434,0.0277
plate_20261003_225653_623610.jpg,plate,0.151,0.1563
plate_20261003_225653_623610.jpg,plate,0.082,0.1942
plate_20261003_225653_623610.jpg,chips,0.079,0.0125
plate_20261003_225653_623610.jpg,plate,0.071,0.0892
plate_20261003_225653_623610.jpg,chips,0.052,0.0174
plate_20261003_225653_623610.jpg,plate,0.051,0.13
plate_20261003_225653_623610.jpg,pizza,0.05,0.1585
plate_20261003_225653_623610.jpg,plate,0.044,0.0558
plate_20261003_225653_623610.jpg,chips,0.043,0.03
plate_20261003_225653_623610.jpg,plate,0.042,0.0106
plate_20261003_225653_623610.jpg,plate,0.039,0.1772
plate_20261003_225653_623610.jpg,chips,0.038,0.0127
plate_20261003_225653_623610.jpg,chips,0.021,0.0322
plate_20261003_225653_623610.jpg,plate,0.021,0.051
plate_20261003_225653_623610.jpg,chips,0.02,0.0098
plate_20261003_225653_623610.jpg,plate,0.02,0.0941
plate_20261003_225653_623610.jpg,chips,0.02,0.0053
plate_20261003_225653_623610.jpg,plate,0.019,0.0804
plate_20261003_225653_623610.jpg,plate,0.017,0.0415
plate_20261003_225653_623610.jpg,chips,0.016,0.0138
plate_20261003_225653_623610.jpg,plate,0.016,0.012
plate_20261003_225653_623610.jpg,plate,0.016,0.0726
plate_20261003_225653_623610.jpg,chips,0.015,0.0183
plate_20261003_225653_623610.jpg,plate,0.015,0.1209
plate_20261003_225653_623610.jpg,plate,0.015,0.0144
plate_20261003_225653_623610.jpg,plate,0.014,0.0064
plate_20261003_225653_623610.jpg,plate,0.014,0.1459
plate_20261003_225653_623610.jpg,plate,0.014,0.1899
plate_20261003_225653_623610.jpg,chips,0.014,0.0817
plate_20261003_225653_623610.jpg,chips,0.013,0.0151
plate_20261003_225653_623610.jpg,plate,0.013,0.0262
plate_20261003_225653_623610.jpg,plate,0.013,0.0105
plate_20261003_225653_623610.jpg,chips,0.013,0.1504
plate_20261003_225653_623610.jpg,plate,0.013,0.1152
plate_20261003_225653_623610.jpg,plate,0.013,0.0934
plate_20261003_225653_623610.jpg,plate,0.013,0.0671
plate_20261003_225653_623610.jpg,plate,0.012,0.1064
plate_20261003_225653_623610.jpg,pizza,0.012,0.1303
plate_20261003_225653_623610.jpg,chips,0.011,0.0188
plate_20261003_225653_623610.jpg,chips,0.011,0.0213
plate_20261003_225653_623610.jpg,chips,0.011,0.1266
plate_20261003_225653_623610.jpg,plate,0.01,0.0496
plate_20261003_225653_623610.jpg,chips,0.01,0.1264
plate_20261003_225653_623610.jpg,chips,0.01,0.0481
plate_20261003_225653_623610.jpg,plate,0.01,0.0397
plate_20261003_225709_095968.jpg,chips,0.866,0.0243
plate_20261003_225709_095968.jpg,plate,0.658,0.2366
plate_20261003_225709_095968.jpg,chips,0.65,0.0321
plate_20261003_225709_095968.jpg,plate,0.466,0.2653
plate_20261003_225709_095968.jpg,plate,0.292,0.2076
plate_20261003_225709_095968.jpg,chips,0.247,0.0224
plate_20261003_225709_095968.jpg,plate,0.11,0.177
plate_20261003_225709_095968.jpg,chips,0.106,0.0194
plate_20261003_225709_095968.jpg,chips,0.087,0.0135
plate_20261003_225709_095968.jpg,plate,0.075,0.0967
plate_20261003_225709_095968.jpg,chips,0.072,0.013
plate_20261003_225709_095968.jpg,chips,0.047,0.0235
plate_20261003_225709_095968.jpg,plate,0.047,0.056
plate_20261003_225709_095968.jpg,chips,0.045,0.0262
plate_20261003_225709_095968.jpg,chips,0.041,0.0411
plate_20261003_225709_095968.jpg,plate,0.038,0.2448
plate_20261003_225709_095968.jpg,chips,0.032,0.0216
plate_20261003_225709_095968.jpg,chips,0.029,0.0106
plate_20261003_225709_095968.jpg,plate,0.029,0.0616
plate_20261003_225709_095968.jpg,plate,0.028,0.0195
plate_20261003_225709_095968.jpg,plate,0.028,0.0445
plate_20261003_225709_095968.jpg,chips,0.027,0.0192
plate_20261003_225709_095968.jpg,chips,0.025,0.0341
plate_20261003_225709_095968.jpg,plate,0.025,0.0361
plate_20261003_225709_095968.jpg,chips,0.025,0.0205
plate_20261003_225709_095968.jpg,plate,0.023,0.0509
plate_20261003_225709_095968.jpg,plate,0.022,0.0298
plate_20261003_225709_095968.jpg,chips,0.022,0.0369
plate_20261003_225709_095968.jpg,chips,0.021,0.0006
plate_20261003_225709_095968.jpg,plate,0.02,0.1753
plate_20261003_225709_095968.jpg,chips,0.019,0.0008
plate_20261003_225709_095968.jpg,chips,0.019,0.0201
plate_20261003_225709_095968.jpg,plate,0.019,0.0286
plate_20261003_225709_095968.jpg,chips,0.019,0.0086
plate_20261003_225709_095968.jpg,plate,0.018,0.1914
plate_20261003_225709_095968.jpg,chips,0.018,0.0144
plate_20261003_225709_095968.jpg,chips,0.018,0.0156
plate_20261003_225709_095968.jpg,chips,0.018,0.0626
plate_20261003_225709_095968.jpg,chips,0.017,0.0301
plate_20261003_225709_095968.jpg,chips,0.017,0.0053
plate_20261003_225709_095968.jpg,chips,0.017,0.0013
plate_20261003_225709_095968.jpg,chips,0.015,0.0114
plate_20261003_225709_095968.jpg,chips,0.015,0.0026
plate_20261003_225709_095968.jpg,chips,0.014,0.0014
plate_20261003_225709_095968.jpg,plate,0.013,0.0287
plate_20261003_225709_095968.jpg,chips,0.013,0.0202
plate_20261003_225709_095968.jpg,plate,0.013,0.0168
plate_20261003_225709_095968.jpg,plate,0.012,0.0073
plate_20261003_225709_095968.jpg,chips,0.012,0.05
plate_20261003_225709_095968.jpg,chips,0.012,0.0209
plate_20261003_225709_095968.jpg,chips,0.012,0.0123
plate_20261003_225709_095968.jpg,plate,0.011,0.0817
plate_20261003_225709_095968.jpg,chips,0.011,0.0005
plate_20261003_225709_095968.jpg,plate,0.011,0.1617
plate_20261003_225709_095968.jpg,plate,0.011,0.0806
plate_20261003_225709_095968.jpg,plate,0.01,0.0219
plate_20261003_225709_095968.jpg,plate,0.01,0.044
plate_20261003_225709_095968.jpg,chips,0.01,0.0172
plate_20261003_225709_095968.jpg,plate,0.01,0.0789
plate_20261003_225719_028424.jpg,chips,0.872,0.0257
plate_20261003_225719_028424.jpg,plate,0.776,0.2405
plate_20261003_225719_028424.jpg,chips,0.634,0.0361
plate_20261003_225719_028424.jpg,chips,0.521,0.022
plate_20261003_225719_028424.jpg,plate,0.496,0.2731
plate_20261003_225719_028424.jpg,plate,0.228,0.1446
plate_20261003_225719_028424.jpg,chips,0.205,0.022
plate_20261003_225719_028424.jpg,chips,0.143,0.0146
plate_20261003_225719_028424.jpg,chips,0.139,0.0147
plate_20261003_225719_028424.jpg,plate,0.063,0.1533
plate_20261003_225719_028424.jpg,plate,0.061,0.2492
plate_20261003_225719_028424.jpg,chips,0.051,0.0349
plate_20261003_225719_028424.jpg,chips,0.043,0.0479
plate_20261003_225719_028424.jpg,plate,0.042,0.0488
plate_20261003_225719_028424.jpg,chips,0.039,0.0257
plate_20261003_225719_028424.jpg,chips,0.039,0.0181
plate_20261003_225719_028424.jpg,chips,0.036,0.0118
plate_20261003_225719_028424.jpg,plate,0.035,0.3236
plate_20261003_225719_028424.jpg,chips,0.032,0.0179
plate_20261003_225719_028424.jpg,plate,0.032,0.0474
plate_20261003_225719_028424.jpg,plate,0.03,0.1181
plate_20261003_225719_028424.jpg,chips,0.029,0.0365
plate_20261003_225719_028424.jpg,chips,0.029,0.0193
plate_20261003_225719_028424.jpg,chips,0.028,0.0017
plate_20261003_225719_028424.jpg,chips,0.027,0.0037
plate_20261003_225719_028424.jpg,chips,0.027,0.0214
plate_20261003_225719_028424.jpg,chips,0.026,0.0012
plate_20261003_225719_028424.jpg,plate,0.025,0.0725
plate_20261003_225719_028424.jpg,chips,0.024,0.0053
plate_20261003_225719_028424.jpg,chips,0.024,0.0304
plate_20261003_225719_028424.jpg,chips,0.024,0.0092
plate_20261003_225719_028424.jpg,plate,0.022,0.0359
plate_20261003_225719_028424.jpg,chips,0.022,0.0009
plate_20261003_225719_028424.jpg,plate,0.021,0.0438
plate_20261003_225719_028424.jpg,plate,0.021,0.0653
plate_20261003_225719_028424.jpg,chips,0.02,0.0197
plate_20261003_225719_028424.jpg,chips,0.019,0.0246
plate_20261003_225719_028424.jpg,chips,0.019,0.0781
plate_20261003_225719_028424.jpg,chips,0.018,0.0266
plate_20261003_225719_028424.jpg,chips,0.018,0.0219
plate_20261003_225719_028424.jpg,chips,0.018,0.0354
plate_20261003_225719_028424.jpg,plate,0.018,0.0763
plate_20261003_225719_028424.jpg,plate,0.018,0.1074
plate_20261003_225719_028424.jpg,chips,0.017,0.0068
plate_20261003_225719_028424.jpg,chips,0.017,0.0107
plate_20261003_225719_028424.jpg,plate,0.016,0.0334
plate_20261003_225719_028424.jpg,plate,0.015,0.1092
plate_20261003_225719_028424.jpg,chips,0.015,0.0155
plate_20261003_225719_028424.jpg,plate,0.015,0.0396
plate_20261003_225719_028424.jpg,chips,0.015,0.0022
plate_20261003_225719_028424.jpg,plate,0.014,0.0061
plate_20261003_225719_028424.jpg,chips,0.014,0.0556
plate_20261003_225719_028424.jpg,plate,0.013,0.1103
plate_20261003_225719_028424.jpg,plate,0.013,0.05
plate_20261003_225719_028424.jpg,plate,0.013,0.072
plate_20261003_225719_028424.jpg,chips,0.013,0.0157
plate_20261003_225719_028424.jpg,chips,0.012,0.0126
plate_20261003_225719_028424.jpg,plate,0.012,0.1599
plate_20261003_225719_028424.jpg,plate,0.012,0.2088
plate_20261003_225719_028424.jpg,chips,0.011,0.0125
plate_20261003_225719_028424.jpg,plate,0.011,0.0588
plate_20261003_225719_028424.jpg,plate,0.01,0.0353
plate_20261003_225719_028424.jpg,chips,0.01,0.0137
plate_20261003_225719_028424.jpg,plate,0.01,0.1626
plate_20261003_225719_028424.jpg,chips,0.01,0.0523
plate_20261003_225719_028424.jpg,chips,0.01,0.0195
plate_20261003_225719_028424.jpg,plate,0.01,0.0744
