"id","food","dining_hall","service_date","meal","waste_percent","observations","simulated","station","name","serving_size","calories","fiber","protein","traits","allergens"
"20261004T133052_434900:doritos_nacho_cheese","doritos_nacho_cheese","bursley","2026-10-04","breakfast",49.32,1,TRUE,"Snacks","Nacho Cheese Doritos","1 portion (28g)","[1,{}]","[1,{}]","[1,{}]","[]","[]"
"20261004T133855_242200:dominos_cheese_pizza_slice","dominos_cheese_pizza_slice","bursley","2026-10-04","breakfast",52.23,3,TRUE,"Pizza","Domino's cheese pizza slice","1 slice (120.8g)","[1,{}]","[1,{}]","[1,{}]","[]","[]"
"20261004T133855_242200:doritos_nacho_cheese","doritos_nacho_cheese","bursley","2026-10-04","breakfast",59.14,5,TRUE,"Snacks","Nacho Cheese Doritos","1 portion (28g)","[1,{}]","[1,{}]","[1,{}]","[]","[]"
"20261004T133919_241300:dominos_cheese_pizza_slice","dominos_cheese_pizza_slice","bursley","2026-10-04","breakfast",70.71,1,TRUE,"Pizza","Domino's cheese pizza slice","1 slice (120.8g)","[1,{}]","[1,{}]","[1,{}]","[]","[]"
"20261004T133919_241300:doritos_nacho_cheese","doritos_nacho_cheese","bursley","2026-10-04","breakfast",47.91,2,TRUE,"Snacks","Nacho Cheese Doritos","1 portion (28g)","[1,{}]","[1,{}]","[1,{}]","[]","[]"
"20261004T134223_954000:dominos_cheese_pizza_slice","dominos_cheese_pizza_slice","bursley","2026-10-04","breakfast",45.61,1,TRUE,"Pizza","Domino's cheese pizza slice","1 slice (120.8g)","[1,{}]","[1,{}]","[1,{}]","[]","[]"
"20261004T134223_954000:lays_potato_chips_original","lays_potato_chips_original","bursley","2026-10-04","breakfast",51.41,6,TRUE,"Snacks","Lay's Original Potato Chips","","[1,{}]","[1,{}]","[1,{}]","[]","[]"
"20261004T134237_084900:dominos_cheese_pizza_slice","dominos_cheese_pizza_slice","bursley","2026-10-04","breakfast",74.72,1,TRUE,"Pizza","Domino's cheese pizza slice","1 slice (120.8g)","[1,{}]","[1,{}]","[1,{}]","[]","[]"
"20261004T134237_084900:lays_potato_chips_original","lays_potato_chips_original","bursley","2026-10-04","breakfast",41.8,23,TRUE,"Snacks","Lay's Original Potato Chips","","[1,{}]","[1,{}]","[1,{}]","[]","[]"
